508,IOC64QBQ9JW,MYM65FLT9DP,QJV97NKM9UV
83,MLT66IXX2NA,FZQ95EHD4BT,VNI82NHK8SB
996,ERU22TIV2SX,OGK84NAF5JB,YFJ73TAP9TD
351,DFS02XEB6TZ,HHL73EJF4NS,CHU55TKM4MJ
479,UPV12OFD9IX,BJD64OHO6KC,VQE21LGK0FC
666,ZCY06WHZ2GO,OMV81UGX2DR,HOT37KPO3YC
529,YGI30VCC5IT,MPL66JQZ4JD,KHD23VAW5XB
402,PLX18NLL2XJ,QTA52GUS7VF,YMF41JNW7WS
425,SVO16TUH1XB,EWE53FTC2SN,MQA47DKG7MB
101,BQM42SWE6EZ,XXG32YKV9BG,EBV54DEE0ZE
675,TVN78JNV0MI,FYI71BBI3OU,EUV22XQP4II
634,QIW14ZGG3VW,CPK53KBC2ON,RKU35BOA7JV
634,QFY67RUD2GG,PDL94LUD2CZ,OCH56CBR9KO
688,KVZ62UIE2HE,UNY44XAY4VA,YMX54DWH8HY
862,BFH98INP3MI,UVG88KYR7JJ,YHS72PYO0TC
226,ESU14XRY3DE,HFI12OBI9JW,ONH16JJW7GT
15,PVH17FCT6YK,CEB22HBJ1IR,BDL75CIJ6MD
20,MZW76PFA2CP,LNP79DYW8ER,TJU99MFU1NW
110,MOV53HDZ2CL,FUL36FHC5CT,JMP50BCG1TD
729,VJZ24KMX9WX,VFO04QHP6AQ,YWZ66JYX5BB
192,DRI20NWA8BE,YDT63PVG6XT,KWJ42KUS7AX
678,YXB65KGI6TI,XDL66RWX3IM,PTF42GSM1KI
676,WVH72NSM4ML,QSO39XOK8SV,VBH65TLN9RF
269,MFX38NON3GD,NOB32SSO7AG,MMC74LEM3JC
552,INC24HHF4HC,CPO01YVN3PG,NKJ16SCB2KD
953,HGS86TUP2OE,FNE34LXQ7FK,JVT63UPP5NS
358,YMG38YVZ8DN,VZU65MMQ2MU,YXF10JCF5LW
591,XQH17EHU3VM,HOW26WOO5WP,IRD96KSU1SY
257,BBI63TQI7XH,QYI20DHB7UR,LWD99JCX2ZC
735,XWJ33UBL1ZK,VMJ62WBO3ZN,MPF63HEJ3CM
555,ODH46DPN0NE,NPV22QNG3ZX,TUF77TCC8MV
968,ICU65JQA3SY,LSK69MEY4XK,JRU10FVD6BT
361,UMA03TKS4WX,QDJ20RCF9MT,PIK93BOY4VD
481,IGB61RKM5KK,ABR35JRR1KN,LGM20QPI2MQ
772,JRU69RXF8MN,GLR42KEI2QX,TUD20FWH1GM
812,JKQ95GSX5KT,EOD88YCE8RB,ILK71YXO3LT
124,XQG71VPY8JS,TEQ34IMU2GZ,OCF41AAP2HK
404,UIT66ZHI4OW,GET61KIH8IP,FUT75PJJ3HM
669,DIT64WJZ3WV,UJE31LRT4SF,UMJ16VPU6QX
184,DLU24LML5UM,IXK58JDH4CS,CWZ05GGI7PJ
197,BCF35QFG6VF,IKP65KIF1TW,TCA31RGY3FN
899,PKV44IQW9KL,ZIK24WNW5GY,LCC90YRD7CG
597,IBH29JAR4JC,SSV90LDD3QV,ZXJ27VUO7VX
992,XGG64BZE5PF,SUP63BTA5VC,WUB51WNC4UI
498,JNI36YYC5LM,QQT42JDS7KL,YTH72UJN1NV
678,BEK70DYV1QB,EOE05LYI4PX,SJI56FNX2RO
67,YAM02SYS3HP,KTN22VID2BN,KPD72WWM4ON
770,UAF74PSG2HS,LFH18NPQ7VR,PHV36GYT8EF
812,SMP73IEY1HK,TIK28PRQ2KB,WBX16JMU2PV
64,XMX50PJJ2QR,FIF24QEG9UQ,NYR25CEH7RB
645,BYI66OGG6US,YIW84ARQ4VO,UUQ32KFD2MC
927,NUG57ABD5BI,LUE25VNK5JC,SWA82KPG2EB
307,YXG91UYD7DB,KNX94DEW0JJ,OLQ87FIJ0XT
712,LCC89CWY3YL,PRM33WJN2NB,ECB33XCV4CE
226,YVK31CWD1BP,HEU84RFC5KT,QAA48SSY5GJ
392,NFR00IOM2WD,RLO99LUL4CG,PTQ33QCI4YT
782,KUR34NCC2JV,NDC74REF5RG,RMI24WOO3GV
913,PYI60NWU7ZX,EID13PYC4EI,BDG87CJI7XF
719,WFB22EQH3NH,JEN04DUN1EK,XKF65JCB8IR
563,HZT37BCF5BK,KNE64HEC7RR,KWZ27EWI0NX
319,GMW21GRD7PL,ICR28RST8YD,IOG32XOJ7DX
317,GOC89WWL4KC,DDG45JDC7PY,XVJ73GQB3DO
390,JUQ43NDU5QR,OLL76SWN2VQ,KIG81XYX3QG
124,VKT14MSL5LS,DUT73JRK3HZ,FMV67KTK4PO
85,XZO38FUS3YF,TKY25NYE9IK,KOF36NCQ4RZ
410,EXR88GPV8XH,TUQ39BUD8IZ,LMY85DDH5AA
547,NIB35NCD4SH,GHW83CIW1WS,VYE37SCV6YT
919,UWD26STY4OD,JGV48XOW5XF,OFT66GZU6UW
727,HEL10TBE7XW,DTY37BZJ3IU,TYI40OID9BY
789,UHD25KMF2MQ,KLD53OCE9CL,KQF94PJS1LW
23,PSS91VEL7LF,LVR37OSE1FY,XFB38YKO1ZK
420,VOM21VCQ9VJ,XHV07IOC2BP,FQL35HEZ9JW
814,PNW82IER7BV,XFG34SYK2TU,ILE26BUW4LW
75,SHG77OTY1XR,RGD47ONV8PR,UYJ74HKJ2CL
521,IDK87SKG4KQ,SKJ50DES8PG,PQS01RPW2QM
530,ITS65WKJ1XY,HUR58UKF0XN,VAY13JDN7LE
666,FMK67DSN5BL,JAS63JJW6LZ,QCR47PHK0YJ
398,WCY83VFD3YG,EHP49VER4AP,QOD58PBB6AJ
724,WTC08MVG8EC,DEW46MBX3RD,DFR82XSP3MO
100,EXF84QQY6TR,WGI65EOP2JJ,WCK73QHU7IG
362,WVB36LZD2BD,EIH29EKK0YE,DZM23LJM3GG
119,FEH87HPM5AL,YNK29POC1OO,YNX63MNG6LM
487,XGT47OWJ5NT,QOG55QLU7YH,CXY66QQD7EO
284,HIU63RMU2NG,BIE65YSN5YL,DWN28EKP6EJ
247,DXV67PHD6FZ,OCK72JFS2XR,NPS01UXS4DE
880,XQH34SJE4QC,KYL62ROB3HY,NWT75YWM2FM
944,HYD16WTJ1ED,TMF18GPX3TC,VTG61CHQ5JJ
823,VQG14TMC9BJ,ILQ20GJQ1GF,EHC91DTZ6HH
259,ROO77VTD5TZ,DWT40CLQ5CT,LAX01YPU4QR
173,KTN89RKW8FE,HDX35TEG6NM,LLC01BBM8IG
248,ZEB10OIZ1NB,BRJ21HUC6EX,VYW51ILP4KP
964,UWO46CXO7JQ,YNF86YEG6LS,LRG85NMB3IZ
631,JWV24XJN3OE,QLL22YFH4LC,NVP84VGT3YA
598,VSG84TOS0CM,BZW11DSN1TG,PNZ67KEQ3FG
264,RNY95LMU1IH,DOV85PRB0TN,LCV72GGY0TY
173,KES44BEV1ON,MJV54KFE6MG,GYW66SKX0UI
419,KRK75JYG4PJ,UPY83KFL6VS,PCG91RPQ7EY
105,TLO81KOI8QG,YPR51COH3SO,TVT72IJS9PU
69,SNM67CLI3LK,BMF84CLM8VJ,JYG02JGR6UQ
173,XOL62ING4KJ,PUE22QBY9OR,RYT15SXE3YF
